1,Krissy Mingotti,Bangalore,28709
2,Kelsey Townby,Gurugram,89430
3,Jonie Birchall,Gurugram,39636
4,Rosalind Scrange,Mangalore,57725
5,Laurie Braunton,Mangalore,24796
6,Maudie McGeachey,Mangalore,30422
7,Benton Tabary,Mumbai,50310
8,James Farraway,Pune,63762
9,Merwin De Castri,Bangalore,37143
10,My Corby,Chandigarh,70854
11,Elsinore Duckels,Madurai,73019
12,Sandro Rowbottam,Noida,63723
13,Vidovik McGairl,Mangalore,53412
14,Amalia Davinet,New Delhi,69891
15,Mathian Tenant,Chennai,73655
16,Baldwin Bakhrushin,New Delhi,42889
17,Guinna Sibborn,New Delhi,79159
18,Bianca Dark,Bangalore,79136
19,Tera Limer,Noida,25298
20,Ab Wicks,Mangalore,77534
21,Agata Fleeming,Hyderabad,64088
22,Elsbeth Olufsen,Baroda,48385
23,Deena Sarfas,Mumbai,25603
24,Lanette Glancey,Noida,43480
25,Lorinda MacCorley,Kolkatta,69762
26,Nerty Syred,Pune,82907
27,Cathyleen Ellicombe,Gurugram,85491
28,Archie Hamm,Kolkatta,80735
29,Travis Terlinden,Mumbai,47664
30,Zeb Ambrogio,Nagpur,45243
31,Justine Freer,Mumbai,62397
32,Tine Vasser,Mumbai,48401
33,Kai Apted,Hyderabad,29088
34,Bobbette Keele,Mangalore,58706
35,Idaline Norbury,Madurai,29751
36,Truman McPake,Mangalore,35186
37,Doralin Stave,Baroda,53628
38,Bradford Haacker,Hyderabad,33789
39,Blithe Horstead,Mysore,77556
40,Ailyn Endicott,Madurai,52179
41,Andrew Keelin,Mangalore,86173
42,Merrily Boldecke,Chennai,23226
43,Pennie Rosebotham,Chandigarh,88350
44,Jacquenetta Gudgeon,Mumbai,34958
45,Lancelot Flukes,New Delhi,81070
46,Sandie Yole,Kolkatta,84044
47,Sunshine Kayley,Noida,78154
48,Carolina Ebhardt,Chennai,62126
49,Darrell Tewes,Pune,26464
50,Mercedes Poizer,Mysore,81300
51,Babbie Forster,Mangalore,73788
52,Frederique Jotcham,New Delhi,58401
53,Gerik Klimas,Noida,58855
54,Amandie Ohanessian,Chandigarh,73479
55,Jenifer Rosterne,Mumbai,57315
56,Bren O'Scully,Chennai,61731
57,Ellen Bambrough,Hyderabad,31095
58,Sharia Land,Noida,54095
59,Leonardo Leetham,Mysore,65168
60,Smith Gent,Bangalore,44145
61,Chris Urrey,Nagpur,88235
62,Darcy Ginty,Gurugram,79511
63,Kacey O'Downe,Noida,43338
64,Jordan Philippou,Baroda,36904
65,Lorenza McGirl,Mysore,89398
66,Pollyanna Blasli,Kolkatta,53988
67,Armando Cowton,Hyderabad,66918
68,Homere Snawdon,Chandigarh,53743
69,Sigismondo Girsch,Mumbai,85047
70,Sly Coltart,Noida,55613
71,Georgina Tomlin,Pune,36875
72,Cicely Aliberti,Madurai,64338
73,Filippa Minnette,Noida,84992
74,Dusty McVittie,Nagpur,24366
75,Lil Pirot,Mangalore,43040
76,Edik Farry,Madurai,54105
77,Dyan Guillou,Bangalore,32705
78,Reuven Dine-Hart,Gurugram,75863
79,Nerta Bantock,Bangalore,59032
80,Morse Carslaw,Madurai,75574
81,Dora Woolley,Chennai,22606
82,Thekla Lavallin,Baroda,41100
83,Kathi Dillingham,Kolkatta,86860
84,Licha Ellison,Nagpur,65740
85,Jinny MacHarg,Noida,69895
86,Edeline Call,Chennai,40630
87,Vita Darrington,Hyderabad,81166
88,Gussie Chapleo,Mysore,56796
89,Haskell Solano,Madurai,36799
90,Thorsten Worge,Bangalore,74526
91,Giustino Stanesby,Mumbai,62842
92,Frances Loxston,Mysore,73192
93,Augustine Jackling,Nagpur,26885
94,Shelli Vass,Chandigarh,41693
95,Ulric Goney,Hyderabad,28148
96,Tiphany Cowdrey,New Delhi,70608
97,Francesca Queen,Madurai,45939
98,Maybelle Burkert,New Delhi,60389
99,Dotty Jermey,Noida,74622
100,Brannon Caldwall,Hyderabad,64830
101,Carmelina Keme,Mumbai,82034
102,Bobby Bree,Hyderabad,22558
103,Poul Sayton,Chandigarh,26678
104,Donna Sudran,Baroda,77712
105,Meridel Swyer-Sexey,Noida,24468
106,Neale Harnes,Mumbai,20285
107,Wilfred Farenden,Mumbai,45247
108,Leola Dulake,Hyderabad,37312
109,Serene Junes,Kolkatta,47800
110,Alverta Lambis,Madurai,51675
111,Nial Petrushka,Chandigarh,70291
112,Pascal Milsap,Hyderabad,72478
113,Emanuel Veschambre,Bangalore,50170
114,Denice Kleinsinger,Kolkatta,55083
115,Ulrika Donahue,Pune,50075
116,Dukie Barrand,Chandigarh,67605
117,Willie Aldine,Pune,61032
118,Rosa Cumberpatch,Bangalore,54391
119,Ham Biscomb,Pune,23631
120,Gregorio Lochead,Baroda,31870
121,Linnea Revitt,Chandigarh,66956
122,Annadiane Amyes,Mangalore,34441
123,Lesley Shipman,Mumbai,21454
124,Ginelle Kemish,Mumbai,41380
125,Eden Timmes,Noida,54481
126,Vladamir Gore,New Delhi,81273
127,Nerissa Dunley,New Delhi,44329
128,Inigo Dominighi,Baroda,68506
129,Yehudi Eymor,Mangalore,23937
130,Rowland Le Breton,Madurai,86614
131,Lief Haysey,Chennai,33716
132,Joby Larcier,Hyderabad,77120
133,Giorgi Wakeford,Gurugram,61132
134,Eddy Seery,Noida,25013
135,Berget Greenshields,Pune,65254
136,Nettie Pilgrim,Mangalore,50127
137,Dmitri Pull,Chennai,44265
138,Corrine Balchen,New Delhi,88604
139,Ulick O'Hear,Hyderabad,31513
140,Herta Klesl,Kolkatta,46101
141,Minne Joy,Gurugram,22064
142,Giraldo Trevor,New Delhi,36745
143,Fabio Briiginshaw,Kolkatta,68425
144,Laurella Garrit,Mangalore,37081
145,Ase Jack,Baroda,76657
146,Ardine Verrell,Baroda,51686
147,Mandy Ducastel,Baroda,75267
148,Gratia Tremethack,Kolkatta,26947
149,Margareta Gethouse,Madurai,47581
150,Theodosia Aliman,Mangalore,67629
151,Micki Hebdon,Mumbai,21232
152,Tirrell Ishak,Mangalore,88302
153,Dollie McLanachan,Kolkatta,42261
154,Any Bispham,Mangalore,35778
155,Rudolf Macrow,Mangalore,46152
156,Donnell Stollenberg,Chennai,48414
157,Dorthea Quarmby,Pune,38958
158,Tedmund Dolligon,New Delhi,22334
159,Orsa Espadate,Kolkatta,43187
160,Rora Castagno,Gurugram,28506
161,Gwen Lightowler,Madurai,70894
162,Chan Burberow,Madurai,44900
163,Brandi Delcastel,Hyderabad,22527
164,Rozamond Gawkes,Baroda,51943
165,Dawna Wooddisse,Baroda,44555
166,Ninette Easey,Baroda,49159
167,Adiana Pointin,Mumbai,62459
168,Kalindi Lanfer,Mysore,31073
169,Jodie Janku,Mumbai,81449
170,Skipp MacDaid,Hyderabad,64390
171,Gus Ruck,Noida,62303
172,Gibbie Medina,Mysore,27854
173,Ingra Colyer,Madurai,35243
174,Lanny Bywaters,Chandigarh,78710
175,Ammamaria Wakeham,Mumbai,42248
176,Rickard Dick,Pune,54787
177,Jasun Littler,Madurai,48805
178,Fredrick Sweed,Madurai,54720
179,Aubry Ragate,New Delhi,21705
180,Kore Feasey,Hyderabad,32051
181,Amitie Daymond,Chandigarh,75717
182,Goldi Frank,Bangalore,47517
183,Britni Tibb,Chandigarh,49642
184,Ibbie Garrould,Chandigarh,71802
185,Drusilla Alliker,Mangalore,56764
186,Che Creak,Pune,56148
187,Bax Loveredge,Chennai,80410
188,Jourdan Pidon,Madurai,29757
189,Millard Mathieu,Hyderabad,71240
190,Cash Pentin,Pune,37547
191,Elga Jeakins,Mumbai,42839
192,Jacquelin Klossek,Hyderabad,26919
193,Micheal Hutchens,Mangalore,58513
194,Sharity Fydo,Chandigarh,89407
195,Maxine Haselgrove,Hyderabad,77289
196,Tasha Logue,Hyderabad,30389
197,Florenza Gonsalvez,New Delhi,25710
198,Say Manford,Noida,24823
199,Ginny Czajka,Gurugram,66080
200,Lawry Brister,Madurai,42198
201,Berry Hartigan,Kolkatta,24530
202,Juliana Snedden,Madurai,87501
203,Alfy Jedryka,Bangalore,37844
204,Konstantine Lukock,Nagpur,50088
205,Kylynn Duhig,Hyderabad,64323
206,Norby Ayrton,Pune,85189
207,Stacee Rustidge,Kolkatta,56418
208,Aggi Addionizio,Nagpur,64578
209,Darwin Bebbington,Kolkatta,81058
210,Rebbecca Gras,Bangalore,88031
211,Faye Cockshut,Kolkatta,83798
212,Gilli Derye-Barrett,Pune,44608
213,Ransom Kermott,Madurai,87546
214,Tedman Dalgleish,Madurai,89140
215,Anny Pinchin,Gurugram,77633
216,Johnnie Densun,Mangalore,62503
217,Marika Shatford,Bangalore,36642
218,Aldwin Antoniottii,Baroda,60191
219,Rosmunda Venediktov,Chandigarh,57053
220,Stirling Petyt,Bangalore,77923
221,Lisha Larder,Mangalore,68374
222,Vivien Eberdt,Hyderabad,73848
223,Reginauld Huggens,Gurugram,72049
224,Raphael Berget,Gurugram,33419
225,Hyacinthie Zimmermeister,Kolkatta,53902
226,Lynn Duguid,Nagpur,60471
227,Kaia Pescud,Mangalore,65795
228,Simone Tankin,Chandigarh,89067
229,Cindi Heine,Mangalore,75358
230,Leonard Borrowman,Mysore,46984
231,Haslett Narracott,Madurai,26153
232,Hanson Esmond,Mysore,61779
233,Micaela Scurrell,Chandigarh,74435
234,La verne Fortune,Pune,26020
235,Mariana Di Dello,Chennai,43422
236,Gran Colloby,Pune,52143
237,Mufi Enriquez,Kolkatta,62936
238,Jodie Andreasen,Madurai,60120
239,Wrennie Lackey,Chandigarh,47736
240,Donny Tickle,Nagpur,86968
241,Jemie Devany,Madurai,52211
242,Sherry Coneron,Noida,85705
243,Lilith Franke,Bangalore,74640
244,Ynez Fattorini,Hyderabad,85731
245,Christiane Bille,Nagpur,41497
246,Goldy Reschke,Madurai,70157
247,Flin Bullan,Noida,27450
248,Raynell Rasell,Madurai,42577
249,Jerri Saby,Chandigarh,21672
250,Chariot Blakeley,New Delhi,59861
251,Tina Rambadt,Nagpur,65473
252,Rand Wimes,Madurai,66429
253,Elisabet Rosborough,Mumbai,34490
254,Charline Cardello,Mumbai,41059
255,Jodie Oldroyd,Kolkatta,76043
256,Olvan Pikesley,Hyderabad,31146
257,Krissy Farrah,Mangalore,84660
258,Annabelle Belliard,Mysore,26321
259,Anjanette Stripp,New Delhi,22876
260,Bondie Devigne,Mumbai,30371
261,Lorne Conman,Bangalore,27922
262,Cal Dumpleton,Baroda,20816
263,Barde Bagnal,Chandigarh,65875
264,Leighton Cattle,Mumbai,85074
265,Jesse Ishaki,Mangalore,57701
266,Kerby Eminson,Madurai,30369
267,Klemens Ruvel,Bangalore,34632
268,Ivonne Toopin,Mumbai,23602
269,Gale Bicksteth,Pune,83335
270,Annetta Farris,Noida,79653
271,Piggy Pachta,New Delhi,44946
272,Biddy Mildenhall,Chennai,56554
273,Marlee Stallan,Pune,75364
274,Sidonia Kunrad,Madurai,35073
275,Carrol Beringer,Chandigarh,55295
276,Wyndham Leopold,Hyderabad,55158
277,Gates Nestor,Chandigarh,21290
278,Brien Sides,Kolkatta,72086
279,Georges Levey,Baroda,53000
280,Flory Binns,Madurai,63668
281,Alanson Switsur,Chandigarh,41260
282,Dorry Amiable,Chandigarh,25922
283,Bella Chaffen,Gurugram,25044
284,Fayth Niezen,Nagpur,43577
285,Caralie Wardhaugh,Gurugram,28033
286,Moyna Lampart,Kolkatta,38753
287,Alfie Volet,Chandigarh,38215
288,Stoddard Garatty,New Delhi,62650
289,Fonzie MacDonough,New Delhi,56707
290,Collin Nemchinov,Baroda,52144
291,Jervis Leale,Gurugram,72505
292,Noni Volk,Madurai,20460
293,See Greiswood,Madurai,70396
294,Cozmo Breukelman,Chandigarh,64335
295,Johnette Cleare,Pune,21784
296,Rudd Gorke,Mysore,24418
297,Alejandra Jozefiak,Noida,89348
298,Ola Evershed,Chandigarh,58616
299,Lillis Prevett,Chandigarh,83735
300,Bren Slorance,Baroda,85137
301,Trude Milberry,Baroda,72266
302,Mildred Le Breton,Noida,68080
303,Fina Dornan,New Delhi,62544
304,Alvis Larkcum,Chennai,24872
305,Corabel Klimashevich,Gurugram,20056
306,Matthiew Weepers,Pune,61184
307,Bessy Lomax,Pune,68728
308,Elston Chittie,Madurai,37023
309,Alfie Medling,New Delhi,29989
310,Harwilll Lyndon,Pune,42019
311,Korrie Billion,New Delhi,42757
312,Adele Forbear,New Delhi,77699
313,Sally Etherson,Mumbai,66507
314,Martita Eyles,Chandigarh,70610
315,Erroll Thynn,Nagpur,48485
316,Vanya Burgoin,New Delhi,89564
317,Rod Grayham,Bangalore,60519
318,Bibbye Hamper,Chandigarh,83796
319,Arv Bohlsen,Bangalore,49440
320,Brigid Domenici,Madurai,84372
321,Penrod Grimwade,Noida,66055
322,Tammi Kleinschmidt,Kolkatta,23904
323,Juana Treadway,Noida,31527
324,Karna Eldridge,Bangalore,63952
325,Tybalt Melland,Chennai,82530
326,Eba Rivard,Mumbai,24647
327,Heddi Holtaway,Baroda,86547
328,Herb Dilleway,Chandigarh,81111
329,Tuckie Pennetta,Noida,42033
330,Martie Avrahamoff,Nagpur,22157
331,Oswell Klaiser,Pune,35389
332,Bessy Walczak,Chandigarh,87004
333,Way McCalister,Chennai,60137
334,Sande Watsam,Baroda,47487
335,Reynolds Boanas,Chandigarh,47887
336,Adela Campey,Mangalore,73612
337,Reena Brear,Chennai,20096
338,Barbee Garlinge,New Delhi,63319
339,Jeannine O'Rafferty,Mysore,86246
340,Lana Cremins,Chandigarh,47746
341,Ayn Ivanchikov,Pune,80936
342,Kory Dubock,Nagpur,41662
343,Birdie Cuffin,Bangalore,42800
344,Shelba Cavell,Chandigarh,40212
345,Wait Staves,Gurugram,63754
346,Aluin Sheldrake,Mangalore,45403
347,Cele Gadsby,Nagpur,56720
348,Rodie Emlin,Mumbai,43197
349,Raffaello Saura,Madurai,23082
350,Patric Rickaby,Baroda,85067
351,Pattin Norvill,Pune,25679
352,Booth Summerley,Chennai,20908
353,Harmonie Bresman,Nagpur,82744
354,Bennie Gethings,Baroda,63206
355,Gothart Dodman,Mysore,47634
356,Mordecai Klimsch,Mysore,81564
357,Berri Lynes,Madurai,63400
358,Inna Layborn,Noida,37954
359,Fabiano Charsley,Bangalore,33797
360,Piper Dudding,Mysore,27007
361,Celinda Proom,Baroda,47126
362,Thorstein Risborough,Nagpur,82987
363,Fairleigh Dunrige,Chennai,83377
364,Carlen McKeag,Gurugram,26017
365,Myrwyn Senyard,New Delhi,24932
366,Nigel Hardware,Baroda,21634
367,Levin Thurnham,Mumbai,50158
368,Shandra Shiliton,Mysore,66430
369,Levin Huyche,Chandigarh,45038
370,Gates Skillett,Mumbai,73156
371,Ariel Copley,Kolkatta,25766
372,Kipp Huikerby,New Delhi,46721
373,Trudi Izkovici,Noida,81323
374,Stanly Olekhov,Baroda,25471
375,Angeline Wraighte,Mysore,78751
376,Jan Fenn,Hyderabad,61011
377,Delphine Murfett,Hyderabad,20216
378,Salaidh Vaulkhard,Hyderabad,61547
379,Aprilette Naton,Gurugram,36305
380,Estelle Perrycost,Kolkatta,24614
381,Stevie Rook,Kolkatta,86882
382,Nadiya Broke,Pune,35131
383,Wright Gilfoy,Gurugram,59304
384,Shannon Tonbridge,Mangalore,66336
385,Tom Cunnow,Kolkatta,70376
386,Trumann Kinforth,Mumbai,29472
387,Nolly Webborn,Nagpur,60946
388,Derk Brogini,Chennai,55705
389,Daryl Postin,Chandigarh,52223
390,Mirilla Swiffen,New Delhi,76321
391,Nada Oyley,Noida,26359
392,Vinny Berdale,Pune,63595
393,Sherlocke Patey,Noida,27916
394,Van Fleeming,Baroda,88528
395,Tove Eirwin,Hyderabad,30924
396,Claresta Wurst,Baroda,67750
397,Ari McGinly,Noida,22302
398,Freddie Riley,Gurugram,88838
399,Damien Kay,Mysore,76882
400,Ulick Fillingham,Chandigarh,72556
401,Breanne Dionisi,Madurai,30061
402,Annissa Thew,Mangalore,69521
403,Tim Escalera,Mumbai,81597
404,Kesley Clayal,Noida,32513
405,Alfonse Hadwick,Pune,57906
406,Chrissie Byneth,Mysore,58875
407,Stephanie Pryer,Mysore,41208
408,Sidnee Pyrke,Pune,39679
409,Kelbee Balderson,Nagpur,48951
410,Marnia Truce,Kolkatta,27458
411,Allie Tures,Pune,50093
412,Dene Bote,Bangalore,47317
413,Julietta Beart,Baroda,64615
414,Nicko Tweedie,Mysore,24697
415,Sascha Drought,New Delhi,75981
416,Meriel Caveau,Pune,84678
417,Lionello Napoli,Nagpur,49505
418,Ann-marie Makey,Chennai,64309
419,Stevena Lghan,Hyderabad,64066
420,Donnie Casetti,Pune,32725
421,Jeno Cullagh,Baroda,82449
422,Tani Breitling,New Delhi,75005
423,Reid Gleadhall,Chennai,82351
424,Debbie Alvar,Baroda,31387
425,Bobby Hawker,Nagpur,65374
426,Linc Bedward,Chandigarh,68538
427,Hermione Rooney,Nagpur,75746
428,Byram Kristufek,Noida,55591
429,Raymund Joska,Noida,64366
430,Avivah Bunney,Chandigarh,43566
431,Harwilll Snowball,Hyderabad,43572
432,Katerine Emblin,Chandigarh,28252
433,Townsend Riggoll,Chennai,77278
434,Curtice Rule,Noida,29184
435,Cathie Le feuvre,Hyderabad,77079
436,Chelsy Cattanach,Nagpur,37101
437,Dian Oleszcuk,Bangalore,43803
438,Britt Eathorne,Mumbai,40112
439,Merci Livzey,Mysore,76106
440,Alicea Ewebank,Gurugram,78718
441,Sydelle Quenell,Chandigarh,59945
442,Earvin Banfield,Gurugram,52954
443,Eydie Tighe,New Delhi,31467
444,Goldie Dumblton,Bangalore,30778
445,Janaya Tenwick,New Delhi,59434
446,Bride Roisen,Mangalore,30786
447,Philly Haxby,Mysore,75108
448,Sherline Bothie,Pune,31661
449,Marguerite Scolding,Noida,83515
450,York Kift,Noida,71722
451,Tallie Denyagin,Nagpur,26072
452,Gerard McGruar,Noida,59068
453,Zachary Brownlee,Chandigarh,70263
454,Marthena Poad,Madurai,33920
455,La verne Iorns,Chennai,62120
456,Rawley Ortmann,Mangalore,27820
457,Sigrid Wardington,Chandigarh,36848
458,Gawen Scurfield,Baroda,24987
459,Darda Alpe,Baroda,89277
460,Eugen Benyon,Mumbai,73455
461,Nikolia Rummer,New Delhi,44638
462,Chauncey Beaston,Mysore,54865
463,Dorey Tudhope,Gurugram,37342
464,Gerrie Dallan,Mumbai,68946
465,Bibi Sarten,Bangalore,61799
466,Lorens Dunton,Kolkatta,65094
467,Joane Clampe,Hyderabad,78328
468,Nichole Tunnicliffe,Nagpur,71965
469,Alexandr Boulden,Mumbai,44124
470,Alf Sterrick,Madurai,51373
471,Beverlee Duerden,Nagpur,62453
472,Marthe Thaim,Madurai,40028
473,Welbie Doohey,Gurugram,73732
474,Tess Wilman,Pune,65099
475,Lodovico Errington,Hyderabad,75666
476,Bernelle Idel,Baroda,88080
477,Nicolette Marxsen,Kolkatta,67932
478,Elysha Rogge,New Delhi,29968
479,Tonie Rogez,Bangalore,53173
480,Garrik Galtone,Hyderabad,47214
481,Hamlin Cavolini,Chennai,71380
482,Kimball Duigan,Pune,83131
483,Emera O'Beirne,Noida,67759
484,Juliet Bax,New Delhi,29474
485,Magdaia Arlow,Kolkatta,58149
486,Dareen Fairman,Noida,39029
487,Bobina Quodling,Chandigarh,24780
488,Phillipp Fremantle,Mangalore,87290
489,Jennica Coventon,New Delhi,77028
490,Iormina Eilhermann,Chennai,84751
491,Abby Wickmann,Mumbai,45588
492,Agace Widdowes,Noida,47271
493,Golda Vick,Noida,62633
494,Emmy Hull,Madurai,65917
495,Mabel Peattie,Nagpur,23827
496,Cheryl Deniske,Baroda,66194
497,Gussi Neighbour,Gurugram,35808
498,June Duell,Chennai,37240
499,Therese Connock,Baroda,51880
500,Pearle Feasley,Mangalore,50289
